<?xml version="1.0" encoding="UTF-8" standalone="no"?>
<project>
	<configuration id="com.st.stm32cube.ide.mcu.gnu.managedbuild.config.exe.debug.1660671548" name="Debug">
		<extension point="org.eclipse.cdt.core.LanguageSettingsProvider">
			<provider copy-of="extension" id="org.eclipse.cdt.ui.UserLanguageSettingsProvider"/>
			<provider-reference id="org.eclipse.cdt.core.ReferencedProjectsLanguageSettingsProvider" ref="shared-provider"/>
			<provider-reference id="org.eclipse.cdt.managedbuilder.core.MBSLanguageSettingsProvider" ref="shared-provider"/>
			<provider class="com.st.stm32cube.ide.mcu.toolchain.armnone.setup.CrossBuiltinSpecsDetector" console="false" env-hash="1170079498088729338" id="com.st.stm32cube.ide.mcu.toolchain.armnone.setup.CrossBuiltinSpecsDetector" keep-relative-paths="false" name="MCU ARM GCC Built-in Compiler Settings" parameter="${COMMAND} ${FLAGS} -E -P -v -dD &quot;${INPUTS}&quot;" prefer-non-shared="true">
				<language-scope id="org.eclipse.cdt.core.gcc"/>
				<language-scope id="org.eclipse.cdt.core.g++"/>
			</provider>
		</extension>
	</configuration>
	<configuration id="com.st.stm32cube.ide.mcu.gnu.managedbuild.config.exe.debug.1660671548.1510367399" name="Release F411 Nucleo64">
		<extension point="org.eclipse.cdt.core.LanguageSettingsProvider">
			<provider copy-of="extension" id="org.eclipse.cdt.ui.UserLanguageSettingsProvider"/>
			<provider-reference id="org.eclipse.cdt.core.ReferencedProjectsLanguageSettingsProvider" ref="shared-provider"/>
			<provider-reference id="org.eclipse.cdt.managedbuilder.core.MBSLanguageSettingsProvider" ref="shared-provider"/>
			<provider class="com.st.stm32cube.ide.mcu.toolchain.armnone.setup.CrossBuiltinSpecsDetector" console="false" env-hash="1170079498088729338" id="com.st.stm32cube.ide.mcu.toolchain.armnone.setup.CrossBuiltinSpecsDetector" keep-relative-paths="false" name="MCU ARM GCC Built-in Compiler Settings" parameter="${COMMAND} ${FLAGS} -E -P -v -dD &quot;${INPUTS}&quot;" prefer-non-shared="true">
				<language-scope id="org.eclipse.cdt.core.gcc"/>
				<language-scope id="org.eclipse.cdt.core.g++"/>
			</provider>
		</extension>
	</configuration>
	<configuration id="com.st.stm32cube.ide.mcu.gnu.managedbuild.config.exe.release.1170194714.610601776" name="Release F446 Nucleo64">
		<extension point="org.eclipse.cdt.core.LanguageSettingsProvider">
			<provider copy-of="extension" id="org.eclipse.cdt.ui.UserLanguageSettingsProvider"/>
			<provider-reference id="org.eclipse.cdt.core.ReferencedProjectsLanguageSettingsProvider" ref="shared-provider"/>
			<provider-reference id="org.eclipse.cdt.managedbuilder.core.MBSLanguageSettingsProvider" ref="shared-provider"/>
			<provider class="com.st.stm32cube.ide.mcu.toolchain.armnone.setup.CrossBuiltinSpecsDetector" console="false" env-hash="1170079498088729338" id="com.st.stm32cube.ide.mcu.toolchain.armnone.setup.CrossBuiltinSpecsDetector" keep-relative-paths="false" name="MCU ARM GCC Built-in Compiler Settings" parameter="${COMMAND} ${FLAGS} -E -P -v -dD &quot;${INPUTS}&quot;" prefer-non-shared="true">
				<language-scope id="org.eclipse.cdt.core.gcc"/>
				<language-scope id="org.eclipse.cdt.core.g++"/>
			</provider>
		</extension>
	</configuration>
	<configuration id="com.st.stm32cube.ide.mcu.gnu.managedbuild.config.exe.release.1170194714.1209666003.1510997975" name="Release F401 Blackpill">
		<extension point="org.eclipse.cdt.core.LanguageSettingsProvider">
			<provider copy-of="extension" id="org.eclipse.cdt.ui.UserLanguageSettingsProvider"/>
			<provider-reference id="org.eclipse.cdt.core.ReferencedProjectsLanguageSettingsProvider" ref="shared-provider"/>
			<provider-reference id="org.eclipse.cdt.managedbuilder.core.MBSLanguageSettingsProvider" ref="shared-provider"/>
			<provider class="com.st.stm32cube.ide.mcu.toolchain.armnone.setup.CrossBuiltinSpecsDetector" console="false" env-hash="1170079498088729338" id="com.st.stm32cube.ide.mcu.toolchain.armnone.setup.CrossBuiltinSpecsDetector" keep-relative-paths="false" name="MCU ARM GCC Built-in Compiler Settings" parameter="${COMMAND} ${FLAGS} -E -P -v -dD &quot;${INPUTS}&quot;" prefer-non-shared="true">
				<language-scope id="org.eclipse.cdt.core.gcc"/>
				<language-scope id="org.eclipse.cdt.core.g++"/>
			</provider>
		</extension>
	</configuration>
	<configuration id="com.st.stm32cube.ide.mcu.gnu.managedbuild.config.exe.release.1170194714.977692720.1674432115" name="Release F411 Blackpill">
		<extension point="org.eclipse.cdt.core.LanguageSettingsProvider">
			<provider copy-of="extension" id="org.eclipse.cdt.ui.UserLanguageSettingsProvider"/>
			<provider-reference id="org.eclipse.cdt.core.ReferencedProjectsLanguageSettingsProvider" ref="shared-provider"/>
			<provider-reference id="org.eclipse.cdt.managedbuilder.core.MBSLanguageSettingsProvider" ref="shared-provider"/>
			<provider copy-of="extension" id="org.eclipse.cdt.managedbuilder.core.GCCBuildCommandParser"/>
			<provider class="com.st.stm32cube.ide.mcu.toolchain.armnone.setup.CrossBuiltinSpecsDetector" console="false" env-hash="1170079498088729338" id="com.st.stm32cube.ide.mcu.toolchain.armnone.setup.CrossBuiltinSpecsDetector" keep-relative-paths="false" name="MCU ARM GCC Built-in Compiler Settings" parameter="${COMMAND} ${FLAGS} -E -P -v -dD &quot;${INPUTS}&quot;" prefer-non-shared="true">
				<language-scope id="org.eclipse.cdt.core.gcc"/>
				<language-scope id="org.eclipse.cdt.core.g++"/>
			</provider>
		</extension>
	</configuration>
	<configuration id="com.st.stm32cube.ide.mcu.gnu.managedbuild.config.exe.release.1170194714.1209666003.1510997975.762351287" name="Release F407 25MHz">
		<extension point="org.eclipse.cdt.core.LanguageSettingsProvider">
			<provider copy-of="extension" id="org.eclipse.cdt.ui.UserLanguageSettingsProvider"/>
			<provider-reference id="org.eclipse.cdt.core.ReferencedProjectsLanguageSettingsProvider" ref="shared-provider"/>
			<provider-reference id="org.eclipse.cdt.managedbuilder.core.MBSLanguageSettingsProvider" ref="shared-provider"/>
			<provider copy-of="extension" id="org.eclipse.cdt.managedbuilder.core.GCCBuildCommandParser"/>
			<provider class="com.st.stm32cube.ide.mcu.toolchain.armnone.setup.CrossBuiltinSpecsDetector" console="false" env-hash="1170079498088729338" id="com.st.stm32cube.ide.mcu.toolchain.armnone.setup.CrossBuiltinSpecsDetector" keep-relative-paths="false" name="MCU ARM GCC Built-in Compiler Settings" parameter="${COMMAND} ${FLAGS} -E -P -v -dD &quot;${INPUTS}&quot;" prefer-non-shared="true">
				<language-scope id="org.eclipse.cdt.core.gcc"/>
				<language-scope id="org.eclipse.cdt.core.g++"/>
			</provider>
		</extension>
	</configuration>
	<configuration id="com.st.stm32cube.ide.mcu.gnu.managedbuild.config.exe.release.1170194714.1209666003.1510997975.1554779995" name="Debug F401 Blackpill">
		<extension point="org.eclipse.cdt.core.LanguageSettingsProvider">
			<provider copy-of="extension" id="org.eclipse.cdt.ui.UserLanguageSettingsProvider"/>
			<provider-reference id="org.eclipse.cdt.core.ReferencedProjectsLanguageSettingsProvider" ref="shared-provider"/>
			<provider-reference id="org.eclipse.cdt.managedbuilder.core.MBSLanguageSettingsProvider" ref="shared-provider"/>
			<provider class="com.st.stm32cube.ide.mcu.toolchain.armnone.setup.CrossBuiltinSpecsDetector" console="false" env-hash="1170079498088729338" id="com.st.stm32cube.ide.mcu.toolchain.armnone.setup.CrossBuiltinSpecsDetector" keep-relative-paths="false" name="MCU ARM GCC Built-in Compiler Settings" parameter="${COMMAND} ${FLAGS} -E -P -v -dD &quot;${INPUTS}&quot;" prefer-non-shared="true">
				<language-scope id="org.eclipse.cdt.core.gcc"/>
				<language-scope id="org.eclipse.cdt.core.g++"/>
			</provider>
		</extension>
	</configuration>
	<configuration id="com.st.stm32cube.ide.mcu.gnu.managedbuild.config.exe.release.1170194714.977692720.1674432115.204573591" name="Debug F411 Blackpill">
		<extension point="org.eclipse.cdt.core.LanguageSettingsProvider">
			<provider copy-of="extension" id="org.eclipse.cdt.ui.UserLanguageSettingsProvider"/>
			<provider-reference id="org.eclipse.cdt.core.ReferencedProjectsLanguageSettingsProvider" ref="shared-provider"/>
			<provider-reference id="org.eclipse.cdt.managedbuilder.core.MBSLanguageSettingsProvider" ref="shared-provider"/>
			<provider class="com.st.stm32cube.ide.mcu.toolchain.armnone.setup.CrossBuiltinSpecsDetector" console="false" env-hash="1170079498088729338" id="com.st.stm32cube.ide.mcu.toolchain.armnone.setup.CrossBuiltinSpecsDetector" keep-relative-paths="false" name="MCU ARM GCC Built-in Compiler Settings" parameter="${COMMAND} ${FLAGS} -E -P -v -dD &quot;${INPUTS}&quot;" prefer-non-shared="true">
				<language-scope id="org.eclipse.cdt.core.gcc"/>
				<language-scope id="org.eclipse.cdt.core.g++"/>
			</provider>
		</extension>
	</configuration>
	<configuration id="com.st.stm32cube.ide.mcu.gnu.managedbuild.config.exe.release.1170194714.610601776.500341016" name="Debug F446 Nucleo64">
		<extension point="org.eclipse.cdt.core.LanguageSettingsProvider">
			<provider copy-of="extension" id="org.eclipse.cdt.ui.UserLanguageSettingsProvider"/>
			<provider-reference id="org.eclipse.cdt.core.ReferencedProjectsLanguageSettingsProvider" ref="shared-provider"/>
			<provider-reference id="org.eclipse.cdt.managedbuilder.core.MBSLanguageSettingsProvider" ref="shared-provider"/>
			<provider class="com.st.stm32cube.ide.mcu.toolchain.armnone.setup.CrossBuiltinSpecsDetector" console="false" env-hash="1170079498088729338" id="com.st.stm32cube.ide.mcu.toolchain.armnone.setup.CrossBuiltinSpecsDetector" keep-relative-paths="false" name="MCU ARM GCC Built-in Compiler Settings" parameter="${COMMAND} ${FLAGS} -E -P -v -dD &quot;${INPUTS}&quot;" prefer-non-shared="true">
				<language-scope id="org.eclipse.cdt.core.gcc"/>
				<language-scope id="org.eclipse.cdt.core.g++"/>
			</provider>
		</extension>
	</configuration>
	<configuration id="com.st.stm32cube.ide.mcu.gnu.managedbuild.config.exe.release.1170194714.610601776.500341016.287257546" name="Debug F411 Nucleo64">
		<extension point="org.eclipse.cdt.core.LanguageSettingsProvider">
			<provider copy-of="extension" id="org.eclipse.cdt.ui.UserLanguageSettingsProvider"/>
			<provider-reference id="org.eclipse.cdt.core.ReferencedProjectsLanguageSettingsProvider" ref="shared-provider"/>
			<provider-reference id="org.eclipse.cdt.managedbuilder.core.MBSLanguageSettingsProvider" ref="shared-provider"/>
			<provider class="com.st.stm32cube.ide.mcu.toolchain.armnone.setup.CrossBuiltinSpecsDetector" console="false" env-hash="1170079498088729338" id="com.st.stm32cube.ide.mcu.toolchain.armnone.setup.CrossBuiltinSpecsDetector" keep-relative-paths="false" name="MCU ARM GCC Built-in Compiler Settings" parameter="${COMMAND} ${FLAGS} -E -P -v -dD &quot;${INPUTS}&quot;" prefer-non-shared="true">
				<language-scope id="org.eclipse.cdt.core.gcc"/>
				<language-scope id="org.eclipse.cdt.core.g++"/>
			</provider>
		</extension>
	</configuration>
	<configuration id="com.st.stm32cube.ide.mcu.gnu.managedbuild.config.exe.release.1170194714.610601776.500341016.1007200771" name="Debug F446 8 MHz">
		<extension point="org.eclipse.cdt.core.LanguageSettingsProvider">
			<provider copy-of="extension" id="org.eclipse.cdt.ui.UserLanguageSettingsProvider"/>
			<provider-reference id="org.eclipse.cdt.core.ReferencedProjectsLanguageSettingsProvider" ref="shared-provider"/>
			<provider-reference id="org.eclipse.cdt.managedbuilder.core.MBSLanguageSettingsProvider" ref="shared-provider"/>
			<provider class="com.st.stm32cube.ide.mcu.toolchain.armnone.setup.CrossBuiltinSpecsDetector" console="false" env-hash="1170079498088729338" id="com.st.stm32cube.ide.mcu.toolchain.armnone.setup.CrossBuiltinSpecsDetector" keep-relative-paths="false" name="MCU ARM GCC Built-in Compiler Settings" parameter="${COMMAND} ${FLAGS} -E -P -v -dD &quot;${INPUTS}&quot;" prefer-non-shared="true">
				<language-scope id="org.eclipse.cdt.core.gcc"/>
				<language-scope id="org.eclipse.cdt.core.g++"/>
			</provider>
		</extension>
	</configuration>
	<configuration id="com.st.stm32cube.ide.mcu.gnu.managedbuild.config.exe.release.1170194714.610601776.500341016.1007200771.1572760488" name="Release F446 8 MHz">
		<extension point="org.eclipse.cdt.core.LanguageSettingsProvider">
			<provider copy-of="extension" id="org.eclipse.cdt.ui.UserLanguageSettingsProvider"/>
			<provider-reference id="org.eclipse.cdt.core.ReferencedProjectsLanguageSettingsProvider" ref="shared-provider"/>
			<provider-reference id="org.eclipse.cdt.managedbuilder.core.MBSLanguageSettingsProvider" ref="shared-provider"/>
			<provider copy-of="extension" id="org.eclipse.cdt.managedbuilder.core.GCCBuildCommandParser"/>
			<provider class="com.st.stm32cube.ide.mcu.toolchain.armnone.setup.CrossBuiltinSpecsDetector" console="false" env-hash="1170079498088729338" id="com.st.stm32cube.ide.mcu.toolchain.armnone.setup.CrossBuiltinSpecsDetector" keep-relative-paths="false" name="MCU ARM GCC Built-in Compiler Settings" parameter="${COMMAND} ${FLAGS} -E -P -v -dD &quot;${INPUTS}&quot;" prefer-non-shared="true">
				<language-scope id="org.eclipse.cdt.core.gcc"/>
				<language-scope id="org.eclipse.cdt.core.g++"/>
			</provider>
		</extension>
	</configuration>
	<configuration id="com.st.stm32cube.ide.mcu.gnu.managedbuild.config.exe.debug.1660671548.1358927539" name="Debug F407 8MHz">
		<extension point="org.eclipse.cdt.core.LanguageSettingsProvider">
			<provider copy-of="extension" id="org.eclipse.cdt.ui.UserLanguageSettingsProvider"/>
			<provider-reference id="org.eclipse.cdt.core.ReferencedProjectsLanguageSettingsProvider" ref="shared-provider"/>
			<provider-reference id="org.eclipse.cdt.managedbuilder.core.MBSLanguageSettingsProvider" ref="shared-provider"/>
			<provider class="com.st.stm32cube.ide.mcu.toolchain.armnone.setup.CrossBuiltinSpecsDetector" console="false" env-hash="1170079498088729338" id="com.st.stm32cube.ide.mcu.toolchain.armnone.setup.CrossBuiltinSpecsDetector" keep-relative-paths="false" name="MCU ARM GCC Built-in Compiler Settings" parameter="${COMMAND} ${FLAGS} -E -P -v -dD &quot;${INPUTS}&quot;" prefer-non-shared="true">
				<language-scope id="org.eclipse.cdt.core.gcc"/>
				<language-scope id="org.eclipse.cdt.core.g++"/>
			</provider>
		</extension>
	</configuration>
	<configuration id="com.st.stm32cube.ide.mcu.gnu.managedbuild.config.exe.release.1170194714.1209666003.1510997975.762351287.1766648859" name="Release F407 8MHz">
		<extension point="org.eclipse.cdt.core.LanguageSettingsProvider">
			<provider copy-of="extension" id="org.eclipse.cdt.ui.UserLanguageSettingsProvider"/>
			<provider-reference id="org.eclipse.cdt.core.ReferencedProjectsLanguageSettingsProvider" ref="shared-provider"/>
			<provider-reference id="org.eclipse.cdt.managedbuilder.core.MBSLanguageSettingsProvider" ref="shared-provider"/>
			<provider class="com.st.stm32cube.ide.mcu.toolchain.armnone.setup.CrossBuiltinSpecsDetector" console="false" env-hash="1170079498088729338" id="com.st.stm32cube.ide.mcu.toolchain.armnone.setup.CrossBuiltinSpecsDetector" keep-relative-paths="false" name="MCU ARM GCC Built-in Compiler Settings" parameter="${COMMAND} ${FLAGS} -E -P -v -dD &quot;${INPUTS}&quot;" prefer-non-shared="true">
				<language-scope id="org.eclipse.cdt.core.gcc"/>
				<language-scope id="org.eclipse.cdt.core.g++"/>
			</provider>
		</extension>
	</configuration>
	<configuration id="com.st.stm32cube.ide.mcu.gnu.managedbuild.config.exe.release.1170194714.1209666003.1510997975.762351287.1766648859.1839885007" name="Release F407 8MHz 32K Bootloader">
		<extension point="org.eclipse.cdt.core.LanguageSettingsProvider">
			<provider copy-of="extension" id="org.eclipse.cdt.ui.UserLanguageSettingsProvider"/>
			<provider-reference id="org.eclipse.cdt.core.ReferencedProjectsLanguageSettingsProvider" ref="shared-provider"/>
			<provider-reference id="org.eclipse.cdt.managedbuilder.core.MBSLanguageSettingsProvider" ref="shared-provider"/>
			<provider copy-of="extension" id="org.eclipse.cdt.managedbuilder.core.GCCBuildCommandParser"/>
			<provider class="com.st.stm32cube.ide.mcu.toolchain.armnone.setup.CrossBuiltinSpecsDetector" console="false" env-hash="1170079498088729338" id="com.st.stm32cube.ide.mcu.toolchain.armnone.setup.CrossBuiltinSpecsDetector" keep-relative-paths="false" name="MCU ARM GCC Built-in Compiler Settings" parameter="${COMMAND} ${FLAGS} -E -P -v -dD &quot;${INPUTS}&quot;" prefer-non-shared="true">
				<language-scope id="org.eclipse.cdt.core.gcc"/>
				<language-scope id="org.eclipse.cdt.core.g++"/>
			</provider>
		</extension>
	</configuration>
	<configuration id="com.st.stm32cube.ide.mcu.gnu.managedbuild.config.exe.release.1170194714.610601776.500341016.287257546.963599156" name="Debug F401 Nucleo64">
		<extension point="org.eclipse.cdt.core.LanguageSettingsProvider">
			<provider copy-of="extension" id="org.eclipse.cdt.ui.UserLanguageSettingsProvider"/>
			<provider-reference id="org.eclipse.cdt.core.ReferencedProjectsLanguageSettingsProvider" ref="shared-provider"/>
			<provider-reference id="org.eclipse.cdt.managedbuilder.core.MBSLanguageSettingsProvider" ref="shared-provider"/>
			<provider class="com.st.stm32cube.ide.mcu.toolchain.armnone.setup.CrossBuiltinSpecsDetector" console="false" env-hash="1170079498088729338" id="com.st.stm32cube.ide.mcu.toolchain.armnone.setup.CrossBuiltinSpecsDetector" keep-relative-paths="false" name="MCU ARM GCC Built-in Compiler Settings" parameter="${COMMAND} ${FLAGS} -E -P -v -dD &quot;${INPUTS}&quot;" prefer-non-shared="true">
				<language-scope id="org.eclipse.cdt.core.gcc"/>
				<language-scope id="org.eclipse.cdt.core.g++"/>
			</provider>
		</extension>
	</configuration>
	<configuration id="com.st.stm32cube.ide.mcu.gnu.managedbuild.config.exe.release.1170194714.1209666003.1510997975.1765403224" name="Release F401 Nucleo64">
		<extension point="org.eclipse.cdt.core.LanguageSettingsProvider">
			<provider copy-of="extension" id="org.eclipse.cdt.ui.UserLanguageSettingsProvider"/>
			<provider-reference id="org.eclipse.cdt.core.ReferencedProjectsLanguageSettingsProvider" ref="shared-provider"/>
			<provider-reference id="org.eclipse.cdt.managedbuilder.core.MBSLanguageSettingsProvider" ref="shared-provider"/>
			<provider copy-of="extension" id="org.eclipse.cdt.managedbuilder.core.GCCBuildCommandParser"/>
			<provider class="com.st.stm32cube.ide.mcu.toolchain.armnone.setup.CrossBuiltinSpecsDetector" console="false" env-hash="1170079498088729338" id="com.st.stm32cube.ide.mcu.toolchain.armnone.setup.CrossBuiltinSpecsDetector" keep-relative-paths="false" name="MCU ARM GCC Built-in Compiler Settings" parameter="${COMMAND} ${FLAGS} -E -P -v -dD &quot;${INPUTS}&quot;" prefer-non-shared="true">
				<language-scope id="org.eclipse.cdt.core.gcc"/>
				<language-scope id="org.eclipse.cdt.core.g++"/>
			</provider>
		</extension>
	</configuration>
	<configuration id="com.st.stm32cube.ide.mcu.gnu.managedbuild.config.exe.release.1170194714.610601776.500341016.1007200771.2132563886" name="Debug F446 12MHz">
		<extension point="org.eclipse.cdt.core.LanguageSettingsProvider">
			<provider copy-of="extension" id="org.eclipse.cdt.ui.UserLanguageSettingsProvider"/>
			<provider-reference id="org.eclipse.cdt.core.ReferencedProjectsLanguageSettingsProvider" ref="shared-provider"/>
			<provider-reference id="org.eclipse.cdt.managedbuilder.core.MBSLanguageSettingsProvider" ref="shared-provider"/>
			<provider class="com.st.stm32cube.ide.mcu.toolchain.armnone.setup.CrossBuiltinSpecsDetector" console="false" env-hash="1170079498088729338" id="com.st.stm32cube.ide.mcu.toolchain.armnone.setup.CrossBuiltinSpecsDetector" keep-relative-paths="false" name="MCU ARM GCC Built-in Compiler Settings" parameter="${COMMAND} ${FLAGS} -E -P -v -dD &quot;${INPUTS}&quot;" prefer-non-shared="true">
				<language-scope id="org.eclipse.cdt.core.gcc"/>
				<language-scope id="org.eclipse.cdt.core.g++"/>
			</provider>
		</extension>
	</configuration>
	<configuration id="com.st.stm32cube.ide.mcu.gnu.managedbuild.config.exe.release.1170194714.610601776.500341016.1007200771.2132563886.356184975" name="Release F446 12MHz">
		<extension point="org.eclipse.cdt.core.LanguageSettingsProvider">
			<provider copy-of="extension" id="org.eclipse.cdt.ui.UserLanguageSettingsProvider"/>
			<provider-reference id="org.eclipse.cdt.core.ReferencedProjectsLanguageSettingsProvider" ref="shared-provider"/>
			<provider-reference id="org.eclipse.cdt.managedbuilder.core.MBSLanguageSettingsProvider" ref="shared-provider"/>
			<provider copy-of="extension" id="org.eclipse.cdt.managedbuilder.core.GCCBuildCommandParser"/>
			<provider class="com.st.stm32cube.ide.mcu.toolchain.armnone.setup.CrossBuiltinSpecsDetector" console="false" env-hash="1170079498088729338" id="com.st.stm32cube.ide.mcu.toolchain.armnone.setup.CrossBuiltinSpecsDetector" keep-relative-paths="false" name="MCU ARM GCC Built-in Compiler Settings" parameter="${COMMAND} ${FLAGS} -E -P -v -dD &quot;${INPUTS}&quot;" prefer-non-shared="true">
				<language-scope id="org.eclipse.cdt.core.gcc"/>
				<language-scope id="org.eclipse.cdt.core.g++"/>
			</provider>
		</extension>
	</configuration>
	<configuration id="com.st.stm32cube.ide.mcu.gnu.managedbuild.config.exe.release.1170194714.610601776.500341016.1007200771.2132563886.356184975.771856816" name="Release F446 25MHz">
		<extension point="org.eclipse.cdt.core.LanguageSettingsProvider">
			<provider copy-of="extension" id="org.eclipse.cdt.ui.UserLanguageSettingsProvider"/>
			<provider-reference id="org.eclipse.cdt.core.ReferencedProjectsLanguageSettingsProvider" ref="shared-provider"/>
			<provider-reference id="org.eclipse.cdt.managedbuilder.core.MBSLanguageSettingsProvider" ref="shared-provider"/>
			<provider class="com.st.stm32cube.ide.mcu.toolchain.armnone.setup.CrossBuiltinSpecsDetector" console="false" env-hash="1170079498088729338" id="com.st.stm32cube.ide.mcu.toolchain.armnone.setup.CrossBuiltinSpecsDetector" keep-relative-paths="false" name="MCU ARM GCC Built-in Compiler Settings" parameter="${COMMAND} ${FLAGS} -E -P -v -dD &quot;${INPUTS}&quot;" prefer-non-shared="true">
				<language-scope id="org.eclipse.cdt.core.gcc"/>
				<language-scope id="org.eclipse.cdt.core.g++"/>
			</provider>
		</extension>
	</configuration>
	<configuration id="com.st.stm32cube.ide.mcu.gnu.managedbuild.config.exe.release.1170194714.610601776.500341016.1007200771.1644797346" name="Debug F446 25MHz">
		<extension point="org.eclipse.cdt.core.LanguageSettingsProvider">
			<provider copy-of="extension" id="org.eclipse.cdt.ui.UserLanguageSettingsProvider"/>
			<provider-reference id="org.eclipse.cdt.core.ReferencedProjectsLanguageSettingsProvider" ref="shared-provider"/>
			<provider-reference id="org.eclipse.cdt.managedbuilder.core.MBSLanguageSettingsProvider" ref="shared-provider"/>
			<provider class="com.st.stm32cube.ide.mcu.toolchain.armnone.setup.CrossBuiltinSpecsDetector" console="false" env-hash="1170079498088729338" id="com.st.stm32cube.ide.mcu.toolchain.armnone.setup.CrossBuiltinSpecsDetector" keep-relative-paths="false" name="MCU ARM GCC Built-in Compiler Settings" parameter="${COMMAND} ${FLAGS} -E -P -v -dD &quot;${INPUTS}&quot;" prefer-non-shared="true">
				<language-scope id="org.eclipse.cdt.core.gcc"/>
				<language-scope id="org.eclipse.cdt.core.g++"/>
			</provider>
		</extension>
	</configuration>
	<configuration id="com.st.stm32cube.ide.mcu.gnu.managedbuild.config.exe.debug.1660671548.1358927539.616777412" name="Debug F429 8MHz">
		<extension point="org.eclipse.cdt.core.LanguageSettingsProvider">
			<provider copy-of="extension" id="org.eclipse.cdt.ui.UserLanguageSettingsProvider"/>
			<provider-reference id="org.eclipse.cdt.core.ReferencedProjectsLanguageSettingsProvider" ref="shared-provider"/>
			<provider-reference id="org.eclipse.cdt.managedbuilder.core.MBSLanguageSettingsProvider" ref="shared-provider"/>
			<provider class="com.st.stm32cube.ide.mcu.toolchain.armnone.setup.CrossBuiltinSpecsDetector" console="false" env-hash="1170079498088729338" id="com.st.stm32cube.ide.mcu.toolchain.armnone.setup.CrossBuiltinSpecsDetector" keep-relative-paths="false" name="MCU ARM GCC Built-in Compiler Settings" parameter="${COMMAND} ${FLAGS} -E -P -v -dD &quot;${INPUTS}&quot;" prefer-non-shared="true">
				<language-scope id="org.eclipse.cdt.core.gcc"/>
				<language-scope id="org.eclipse.cdt.core.g++"/>
			</provider>
		</extension>
	</configuration>
	<configuration id="com.st.stm32cube.ide.mcu.gnu.managedbuild.config.exe.release.1170194714.610601776.500341016.271184673" name="Debug F446 Nucleo144">
		<extension point="org.eclipse.cdt.core.LanguageSettingsProvider">
			<provider copy-of="extension" id="org.eclipse.cdt.ui.UserLanguageSettingsProvider"/>
			<provider-reference id="org.eclipse.cdt.core.ReferencedProjectsLanguageSettingsProvider" ref="shared-provider"/>
			<provider-reference id="org.eclipse.cdt.managedbuilder.core.MBSLanguageSettingsProvider" ref="shared-provider"/>
			<provider class="com.st.stm32cube.ide.mcu.toolchain.armnone.setup.CrossBuiltinSpecsDetector" console="false" env-hash="1170079498088729338" id="com.st.stm32cube.ide.mcu.toolchain.armnone.setup.CrossBuiltinSpecsDetector" keep-relative-paths="false" name="MCU ARM GCC Built-in Compiler Settings" parameter="${COMMAND} ${FLAGS} -E -P -v -dD &quot;${INPUTS}&quot;" prefer-non-shared="true">
				<language-scope id="org.eclipse.cdt.core.gcc"/>
				<language-scope id="org.eclipse.cdt.core.g++"/>
			</provider>
		</extension>
	</configuration>
</project>